Vehicle Name,CellDx,Sports Car,SUV,Wagon,Minivan,Pickup,AWD,RWD,Retail Price,Dealer Cost,EngineSize,Weight,Width
Acura 3.5 RL 4dr,1,0,0,0,0,0,0,0,43755,39014,3.5,3880,72
Acura 3.5 RL w/Navigation 4dr,1,0,0,0,0,0,0,0,46100,41100,3.5,3893,72
Acura MDX,0,0,1,0,0,0,1,0,36945,33337,3.5,4451,77
Acura NSX coupe 2dr manual S,0,1,0,0,0,0,0,1,89765,79978,3.2,3153,71
Acura RSX Type S 2dr,1,0,0,0,0,0,0,0,23820,21761,2,2778,68
Acura TL 4dr,1,0,0,0,0,0,0,0,33195,30299,3.2,3575,72
Acura TSX 4dr,1,0,0,0,0,0,0,0,26990,24647,2.4,3230,69
Audi A4 1.8T 4dr,1,0,0,0,0,0,0,0,25940,23508,1.8,3252,70
Audi A4 3.0 4dr,1,0,0,0,0,0,0,0,31840,28846,3,3462,70
Audi A4 3.0 convertible 2dr,1,0,0,0,0,0,0,0,42490,38325,3,3814,70
Audi A4 3.0 Quattro 4dr auto,1,0,0,0,0,0,1,0,34480,31388,3,3627,70
Audi A4 3.0 Quattro 4dr manual,1,0,0,0,0,0,1,0,33430,30366,3,3583,70
Audi A4 3.0 Quattro convertible 2dr,1,0,0,0,0,0,1,0,44240,40075,3,4013,70
Audi A41.8T convertible 2dr,1,0,0,0,0,0,0,0,35940,32506,1.8,3638,70
Audi A6 2.7 Turbo Quattro 4dr,1,0,0,0,0,0,1,0,42840,38840,2.7,3836,71
Audi A6 3.0 4dr,1,0,0,0,0,0,0,0,36640,33129,3,3561,71
Audi A6 3.0 Avant Quattro,0,0,0,1,0,0,1,0,40840,37060,3,4035,71
Audi A6 3.0 Quattro 4dr,1,0,0,0,0,0,1,0,39640,35992,3,3880,71
Audi A6 4.2 Quattro 4dr,1,0,0,0,0,0,1,0,49690,44936,4.2,4024,71
Audi A8 L Quattro 4dr,1,0,0,0,0,0,1,0,69190,64740,4.2,4399,75
Audi RS 6 4dr,0,1,0,0,0,0,0,0,84600,76417,4.2,4024,78
Audi S4 Avant Quattro,0,0,0,1,0,0,1,0,49090,44446,4.2,3936,70
Audi S4 Quattro 4dr,1,0,0,0,0,0,1,0,48040,43556,4.2,3825,70
Audi TT 1.8 convertible 2dr (coupe),0,1,0,0,0,0,0,0,35940,32512,1.8,3131,73
Audi TT 1.8 Quattro 2dr (convertible),0,1,0,0,0,0,1,0,37390,33891,1.8,2921,73
Audi TT 3.2 coupe 2dr (convertible),0,1,0,0,0,0,1,0,40590,36739,3.2,3351,73
BMW 325Ci 2dr,1,0,0,0,0,0,0,1,30795,28245,2.5,3197,69
BMW 325Ci convertible 2dr,1,0,0,0,0,0,0,1,37995,34800,2.5,3560,69
BMW 325i 4dr,1,0,0,0,0,0,0,1,28495,26155,2.5,3219,69
BMW 325xi 4dr,1,0,0,0,0,0,1,0,30245,27745,2.5,3461,69
BMW 325xi Sport,0,0,0,1,0,0,1,0,32845,30110,2.5,3594,69
BMW 330Ci 2dr,1,0,0,0,0,0,0,1,36995,33890,3,3285,69
BMW 330Ci convertible 2dr,1,0,0,0,0,0,0,1,44295,40530,3,3616,69
BMW 330i 4dr,1,0,0,0,0,0,0,1,35495,32525,3,3285,69
BMW 330xi 4dr,1,0,0,0,0,0,1,0,37245,34115,3,3483,69
BMW 525i 4dr,1,0,0,0,0,0,0,1,39995,36620,2.5,3428,73
BMW 530i 4dr,1,0,0,0,0,0,0,1,44995,41170,3,3472,73
BMW 545iA 4dr,1,0,0,0,0,0,0,1,54995,50270,4.4,3814,73
BMW 745i 4dr,1,0,0,0,0,0,0,1,69195,63190,4.4,4376,75
BMW 745Li 4dr,1,0,0,0,0,0,0,1,73195,66830,4.4,4464,75
BMW M3 convertible 2dr,0,1,0,0,0,0,0,1,56595,51815,3.2,3781,70
BMW M3 coupe 2dr,0,1,0,0,0,0,0,1,48195,44170,3.2,3415,70
BMW X3 3.0i,0,0,1,0,0,0,1,0,37000,33873,3,4023,73
BMW X5 4.4i,0,0,1,0,0,0,1,0,52195,47720,4.4,4824,74
BMW Z4 convertible 2.5i 2dr,0,1,0,0,0,0,0,1,33895,31065,2.5,2932,70
BMW Z4 convertible 3.0i 2dr,0,1,0,0,0,0,0,1,41045,37575,3,2998,70
Buick Century Custom 4dr,1,0,0,0,0,0,0,0,22180,20351,3.1,3353,73
Buick LeSabre Custom 4dr,1,0,0,0,0,0,0,0,26470,24282,3.8,3567,74
Buick LeSabre Limited 4dr,1,0,0,0,0,0,0,0,32245,29566,3.8,3591,74
Buick Park Avenue 4dr,1,0,0,0,0,0,0,0,35545,32244,3.8,3778,75
Buick Park Avenue Ultra 4dr,1,0,0,0,0,0,0,0,40720,36927,3.8,3909,75
Buick Rainier,0,0,1,0,0,0,1,0,37895,34357,4.2,4600,75
Buick Regal GS 4dr,1,0,0,0,0,0,0,0,28345,26047,3.8,3536,73
Buick Regal LS 4dr,1,0,0,0,0,0,0,0,24895,22835,3.8,3461,73
Buick Rendezvous CX,0,0,1,0,0,0,0,0,26545,24085,3.4,4024,74
Cadillac CTS VVT 4dr,1,0,0,0,0,0,0,1,30835,28575,3.6,3694,71
Cadillac Deville 4dr,1,0,0,0,0,0,0,0,45445,41650,4.6,3984,74
Cadillac Deville DTS 4dr,1,0,0,0,0,0,0,0,50595,46362,4.6,4044,74
Cadillac Escaladet,0,0,1,0,0,0,0,0,52795,48377,5.3,5367,79
Cadillac Seville SLS 4dr,1,0,0,0,0,0,0,0,47955,43841,4.6,3992,75
Cadillac SRX V8,0,0,1,0,0,0,0,0,46995,43523,4.6,4302,73
Cadillac XLR convertible 2dr,0,1,0,0,0,0,0,1,76200,70546,4.6,3647,72
Chevrolet Astro,0,0,0,0,1,0,1,0,26395,23954,4.3,4605,78
Chevrolet Aveo 4dr,1,0,0,0,0,0,0,0,11690,10965,1.6,2370,66
Chevrolet Aveo LS 4dr hatch,1,0,0,0,0,0,0,0,12585,11802,1.6,2348,66
Chevrolet Cavalier 2dr,1,0,0,0,0,0,0,0,14610,13697,2.2,2617,69
Chevrolet Cavalier 4dr,1,0,0,0,0,0,0,0,14810,13884,2.2,2676,68
Chevrolet Cavalier LS 2dr,1,0,0,0,0,0,0,0,16385,15357,2.2,2617,69
Chevrolet Corvette 2dr,0,1,0,0,0,0,0,1,44535,39068,5.7,3246,74
Chevrolet Corvette convertible 2dr,0,1,0,0,0,0,0,1,51535,45193,5.7,3248,74
Chevrolet Impala 4dr,1,0,0,0,0,0,0,0,21900,20095,3.4,3465,73
Chevrolet Impala LS 4dr,1,0,0,0,0,0,0,0,25000,22931,3.8,3476,73
Chevrolet Impala SS 4dr,1,0,0,0,0,0,0,0,27995,25672,3.8,3606,73
Chevrolet Malibu 4dr,1,0,0,0,0,0,0,0,18995,17434,2.2,3174,70
Chevrolet Malibu LS 4dr,1,0,0,0,0,0,0,0,20370,18639,3.5,3297,70
Chevrolet Malibu LT 4dr,1,0,0,0,0,0,0,0,23495,21551,3.5,3315,70
Chevrolet Malibu Maxx LS,0,0,0,1,0,0,0,0,22225,20394,3.5,3458,70
Chevrolet Monte Carlo LS 2dr,1,0,0,0,0,0,0,0,21825,20026,3.4,3340,73
Chevrolet Monte Carlo SS 2dr,1,0,0,0,0,0,0,0,24225,22222,3.8,3434,73
Chevrolet Suburban 1500 LT,0,0,1,0,0,0,0,0,42735,37422,5.3,4947,79
Chevrolet Tahoe LT,0,0,1,0,0,0,1,0,41465,36287,5.3,5050,79
Chevrolet Tracker,0,0,1,0,0,0,0,0,20255,19108,2.5,2866,67
Chevrolet TrailBlazer LT,0,0,1,0,0,0,0,0,30295,27479,4.2,4425,75
Chevrolet Venture LS,0,0,0,0,1,0,0,0,27020,24518,3.4,3699,72
Chrvsler PT Cruiser GT 4dr,1,0,0,0,0,0,0,0,25955,24172,2.4,3217,67
Chrysler 300M 4dr,1,0,0,0,0,0,0,0,29865,27797,3.5,3581,74
Chrysler 300M Special Edition 4dr,1,0,0,0,0,0,0,0,33295,30884,3.5,3650,74
Chrysler Concorde LX 4dr,1,0,0,0,0,0,0,0,24130,22452,2.7,3479,74
Chrysler Concorde LXi 4dr,1,0,0,0,0,0,0,0,26860,24909,3.5,3548,74
Chrysler Crossfire 2dr,0,1,0,0,0,0,0,1,34495,32033,3.2,3060,70
Chrysler Pacifica,0,0,0,1,0,0,0,1,31230,28725,3.5,4675,79
Chrysler PT Cruiser 4dr,1,0,0,0,0,0,0,0,17985,16919,2.4,3101,67
Chrysler PT Cruiser Limited 4dr,1,0,0,0,0,0,0,0,22000,20573,2.4,3105,67
Chrysler Sebring 4dr,1,0,0,0,0,0,0,0,19090,17805,2.4,3173,71
Chrysler Sebring convertible 2dr,1,0,0,0,0,0,0,0,25215,23451,2.4,3357,64
Chrysler Sebring Limited convertible 2dr,1,0,0,0,0,0,0,0,30950,28613,2.7,3448,69
Chrysler Sebring Touring 4dr,1,0,0,0,0,0,0,0,21840,20284,2.7,3222,71
Chrysler Town and Country Limited,0,0,0,0,1,0,0,0,38380,35063,3.8,4331,79
Chrysler Town and Country LX,0,0,0,0,1,0,0,0,27490,25371,3.3,4068,79
CMC Yukon 1500 SLE,0,0,1,0,0,0,0,0,35725,31361,4.8,5042,79
Dodge Caravan SE,0,0,0,0,1,0,0,0,21795,20508,2.4,3862,79
Dodge Durango SLT,0,0,1,0,0,0,1,0,32235,29472,4.7,4987,76
Dodge Grand Caravan SXT,0,0,0,0,1,0,1,0,32660,29812,3.8,4440,79
Dodge Intrepid ES 4dr,1,0,0,0,0,0,0,0,24885,23058,3.5,3487,75
Dodge Intrepid SE 4dr,1,0,0,0,0,0,0,0,22035,20502,2.7,3469,75
Dodge Neon SE 4dr,1,0,0,0,0,0,0,0,13670,12849,2,2581,67
Dodge Neon SXT 4dr,1,0,0,0,0,0,0,0,15040,14086,2,2626,67
Dodge Stratus SE 4dr,1,0,0,0,0,0,0,0,20220,18821,2.4,3175,71
Dodge Stratus SXT 4dr,1,0,0,0,0,0,0,0,18820,17512,2.4,3182,71
Ford Crown Victoria 4dr,1,0,0,0,0,0,0,1,24345,22856,4.6,4057,78
Ford Crown Victoria LX 4dr,1,0,0,0,0,0,0,1,27370,25105,4.6,4057,78
Ford Crown Victoria LX Sport 4dr,1,0,0,0,0,0,0,1,30315,27756,4.6,4057,78
Ford Escape XLS,0,0,1,0,0,0,1,0,22515,20907,3,3346,70
Ford Expedition 4.6 XLT,0,0,1,0,0,0,0,0,34560,30468,4.6,5000,79
Ford Explorer XLT V6,0,0,1,0,0,0,1,0,29670,26983,4,4463,72
Ford Focus LX 4dr,1,0,0,0,0,0,0,0,13730,12906,2,2606,67
Ford Focus SE 4dr,1,0,0,0,0,0,0,0,15460,14496,2,2606,67
Ford Focus SVT 2dr,1,0,0,0,0,0,0,0,19135,17878,2,2750,67
Ford Focus ZTW,0,0,0,1,0,0,0,0,17475,16375,2,2702,67
Ford Focus ZX3 2dr hatch,1,0,0,0,0,0,0,0,13270,12482,2,2612,67
Ford Focus ZX5 5dr,1,0,0,0,0,0,0,0,15580,14607,2,2691,67
Ford Freestar SE,0,0,0,0,1,0,0,0,26930,24498,3.9,4275,77
Ford Mustang 2dr (convertible),0,1,0,0,0,0,0,1,18345,16943,3.8,3290,73
Ford Mustang GT Premium convertible 2dr,0,1,0,0,0,0,0,1,29380,26875,4.6,3347,73
GMC Yukon XL 2500 SLT,0,0,1,0,0,0,1,0,46265,40534,6,6133,79
Honda Accord EX 2dr,1,0,0,0,0,0,0,0,22260,20080,2.4,3047,71
Honda Accord EX V6 2dr,1,0,0,0,0,0,0,0,26960,24304,3,3294,71
Honda Accord LX 2dr,1,0,0,0,0,0,0,0,19860,17924,2.4,2994,71
Honda Accord LX V6 4dr,1,0,0,0,0,0,0,0,23760,21428,3,3349,72
Honda Civic DX 2dr,1,0,0,0,0,0,0,0,13270,12175,1.7,2432,67
Honda Civic EX 4dr,1,0,0,0,0,0,0,0,17750,16265,1.7,2601,68
Honda Civic HX 2dr,1,0,0,0,0,0,0,0,14170,12996,1.7,2500,67
Honda Civic Hybrid 4dr manual (gas/electric),1,0,0,0,0,0,0,0,20140,18451,1.4,2732,68
Honda Civic LX 4dr,1,0,0,0,0,0,0,0,15850,14531,1.7,2513,68
Honda Civic Si 2dr hatch,1,0,0,0,0,0,0,0,19490,17849,2,2782,67
Honda CR-V LX,0,0,1,0,0,0,1,0,19860,18419,2.4,3258,70
Honda Element LX,0,0,1,0,0,0,1,0,18690,17334,2.4,3468,72
Honda Insight 2dr (gas/electric),1,0,0,0,0,0,0,0,19110,17911,2,1850,67
Honda Odyssey EX,0,0,0,0,1,0,0,0,27450,24744,3.5,4365,76
Honda Odyssey LX,0,0,0,0,1,0,0,0,24950,22498,3.5,4310,76
Honda Pilot LX,0,0,1,0,0,0,1,0,27560,24843,3.5,4387,77
Honda S2000 convertible 2dr,0,1,0,0,0,0,0,1,33260,29965,2.2,2835,69
Hummer H2,0,0,1,0,0,0,1,0,49995,45815,6,6400,81
Hyundai Accent 2dr hatch,1,0,0,0,0,0,0,0,10539,10107,1.6,2255,66
Hyundai Accent GL 4dr,1,0,0,0,0,0,0,0,11839,11116,1.6,2290,66
Hyundai Accent GT 2dr hatch,1,0,0,0,0,0,0,0,11939,11209,1.6,2339,66
Hyundai Elantra GLS 4dr,1,0,0,0,0,0,0,0,13839,12781,2,2635,68
Hyundai Elantra GT 4dr,1,0,0,0,0,0,0,0,15389,14207,2,2635,68
Hyundai Elantra GT 4dr hatch,1,0,0,0,0,0,0,0,15389,14207,2,2698,68
Hyundai Santa Fe GLS,0,0,1,0,0,0,0,0,21589,20201,2.7,3549,73
Hyundai Sonata GLS 4dr,1,0,0,0,0,0,0,0,19339,17574,2.7,3217,72
Hyundai Sonata LX 4dr,1,0,0,0,0,0,0,0,20339,18380,2.7,3217,72
Hyundai Tiburon GT V6 2dr,0,1,0,0,0,0,0,0,18739,17101,2.7,3023,69
Hyundai XG350 4dr,1,0,0,0,0,0,0,0,24589,22055,3.5,3651,72
Hyundai XG350 L 4dr,1,0,0,0,0,0,0,0,26189,23486,3.5,3651,72
Infiniti FX35,0,0,0,1,0,0,0,1,34895,31756,3.5,4056,76
Infiniti FX45,0,0,0,1,0,0,1,0,36395,33121,4.5,4309,76
Infiniti G35 4dr,1,0,0,0,0,0,0,1,28495,26157,3.5,3336,69
Infiniti G35 4dr,1,0,0,0,0,0,1,0,32445,29783,3.5,3677,69
Infiniti G35 Sport Coupe 2dr,1,0,0,0,0,0,0,1,29795,27536,3.5,3416,72
Infiniti I35 4dr,1,0,0,0,0,0,0,0,31145,28320,3.5,3306,70
Infiniti M45 4dr,1,0,0,0,0,0,0,1,42845,38792,4.5,3851,70
Infiniti Q45 Luxury 4dr,1,0,0,0,0,0,0,1,52545,47575,4.5,3977,73
Isuzu Ascender S,0,0,1,0,0,0,1,0,31849,29977,4.2,4967,76
Isuzu Rodeo S,0,0,1,0,0,0,0,0,20449,19261,3.2,3836,70
Jaguar S-Type 3.0 4dr,1,0,0,0,0,0,0,1,43895,40004,3,3777,72
Jaguar S-Type 4.2 4dr,1,0,0,0,0,0,0,1,49995,45556,4.2,3874,72
Jaguar S-Type R 4dr,1,0,0,0,0,0,0,1,63120,57499,4.2,4046,72
Jaguar Vanden Plas 4dr,1,0,0,0,0,0,0,1,68995,62846,4.2,3803,73
Jaguar XJ8 4dr,1,0,0,0,0,0,0,1,59995,54656,4.2,3803,73
Jaguar XJR 4dr,1,0,0,0,0,0,0,1,74995,68306,4.2,3948,73
Jaguar XK8 convertible 2dr,0,1,0,0,0,0,0,1,74995,68306,4.2,3980,71
Jaguar XK8 coupe 2dr,0,1,0,0,0,0,0,1,69995,63756,4.2,3779,71
Jaguar XKR convertible 2dr,0,1,0,0,0,0,0,1,86995,79226,4.2,4042,71
Jaguar XKR coupe 2dr,0,1,0,0,0,0,0,1,81995,74676,4.2,3865,71
Jaguar X-Type 2.5 4dr,1,0,0,0,0,0,1,0,29995,27355,2.5,3428,70
Jaguar X-Type 3.0 4dr,1,0,0,0,0,0,1,0,33995,30995,3,3516,70
Jeep Grand Cherokee Laredo,0,0,1,0,0,0,0,0,27905,25686,4,3790,72
Jeep Liberty Sport,0,0,1,0,0,0,1,0,20130,18973,2.4,3826,72
Jeep Wrangler Sahara convertible 2dr,0,0,1,0,0,0,1,0,25520,23275,4,3575,67
Kia Optima LX 4dr,1,0,0,0,0,0,0,0,16040,14910,2.4,3281,72
Kia Optima LX V6 4dr,1,0,0,0,0,0,0,0,18435,16850,2.7,3279,72
Kia Rio 4dr auto,1,0,0,0,0,0,0,0,11155,10705,1.6,2458,66
Kia Rio 4dr manual,1,0,0,0,0,0,0,0,10280,9875,1.6,2403,66
Kia Rio Cinco,0,0,0,1,0,0,0,0,11905,11410,1.6,2447,66
Kia Sedona LX,0,0,0,0,1,0,0,0,20615,19400,3.5,4802,75
Kia Sorento LX,0,0,1,0,0,0,0,0,19635,18630,3.5,4112,73
Kia Spectra 4dr,1,0,0,0,0,0,0,0,12360,11630,1.8,2661,68
Kia Spectra GS 4dr hatch,1,0,0,0,0,0,0,0,13580,12830,1.8,2686,68
Kia Spectra GSX 4dr hatch,1,0,0,0,0,0,0,0,14630,13790,1.8,2697,68
Land Rover Discovery SE,0,0,1,0,0,0,1,0,39250,35777,4.6,4576,74
Land Rover Freelander SE,0,0,1,0,0,0,1,0,25995,23969,2.5,3577,71
Land Rover Range Rover HSE,0,0,1,0,0,0,1,0,72250,65807,4.4,5379,76
Lexus ES 330 4dr,1,0,0,0,0,0,0,0,32350,28755,3.3,3460,71
Lexus GS 300 4dr,1,0,0,0,0,0,0,1,41010,36196,3,3649,71
Lexus GS 430 4dr,1,0,0,0,0,0,0,1,48450,42232,4.3,3715,71
Lexus GX 470,0,0,1,0,0,0,1,0,45700,39838,4.7,4740,74
Lexus IS 300 4dr auto,1,0,0,0,0,0,0,1,32415,28611,3,3285,68
Lexus IS 300 4dr manual,1,0,0,0,0,0,0,1,31045,27404,3,3255,68
Lexus IS 300 SportCross,0,0,0,1,0,0,0,1,32455,28647,3,3410,68
Lexus LS 430 4dr,1,0,0,0,0,0,0,1,55750,48583,4.3,3990,72
Lexus LX 470,0,0,1,0,0,0,1,0,64800,56455,4.7,5590,76
Lexus RX 330,0,0,1,0,0,0,1,0,39195,34576,3.3,4065,73
Lexus SC 430 convertible 2dr,0,1,0,0,0,0,0,1,63200,55063,4.3,3840,72
Lincoln Aviator Ultimate,0,0,1,0,0,0,0,0,42915,39443,4.6,4834,76
Lincoln LS V6 Luxury 4dr,1,0,0,0,0,0,0,1,32495,29969,3,3681,73
Lincoln LS V6 Premium 4dr,1,0,0,0,0,0,0,1,36895,33929,3,3681,73
Lincoln LS V8 Sport 4dr,1,0,0,0,0,0,0,1,40095,36809,3.9,3768,73
Lincoln LS V8 Ultimate 4dr,1,0,0,0,0,0,0,1,43495,39869,3.9,3768,73
Lincoln Navigator Luxury,0,0,1,0,0,0,1,0,52775,46360,5.4,5969,80
Lincoln Town Car Signature 4dr,1,0,0,0,0,0,0,1,41815,38418,4.6,4369,78
Lincoln Town Car Ultimate 4dr,1,0,0,0,0,0,0,1,44925,41217,4.6,4369,78
Lincoln Town Car Ultimate L 4dr,1,0,0,0,0,0,0,1,50470,46208,4.6,4474,78
Mazda MPV ES,0,0,0,0,1,0,0,0,28750,26600,3,3812,72
Mazda MX-5 Miata convertible 2dr,0,1,0,0,0,0,0,1,22388,20701,1.8,2387,66
Mazda MX-5 Miata LS convertible 2dr,0,1,0,0,0,0,0,1,25193,23285,1.8,2387,66
Mazda Tribute DX 2.0,0,0,1,0,0,0,1,0,21087,19742,2,3091,72
Mazda6 i 4dr,1,0,0,0,0,0,0,0,19270,17817,2.3,3042,70
Mercedes-Benz C230 Sport 2dr,1,0,0,0,0,0,0,1,26060,24249,1.8,3250,68
Mercedes-Benz C240,0,0,0,1,0,0,0,1,33780,31466,2.6,3470,68
Mercedes-Benz C240 4dr,1,0,0,0,0,0,0,1,32280,30071,2.6,3360,68
Mercedes-Benz C240 4dr,1,0,0,0,0,0,1,0,33480,31187,2.6,3360,68
Mercedes-Benz C32 AMG 4dr,1,0,0,0,0,0,0,1,52120,48522,3.2,3540,68
Mercedes-Benz C320 4dr,1,0,0,0,0,0,0,1,37630,35046,3.2,3450,68
Mercedes-Benz C320 4dr,1,0,0,0,0,0,1,0,38830,36162,3.2,3550,68
Mercedes-Benz C320 Sport 2dr,1,0,0,0,0,0,0,1,28370,26435,3.2,3430,68
Mercedes-Benz C320 Sport 4dr,1,0,0,0,0,0,0,1,35920,33456,3.2,3430,68
Mercedes-Benz CL500 2dr,1,0,0,0,0,0,0,1,94820,88324,5,4085,73
Mercedes-Benz CL600 2dr,1,0,0,0,0,0,0,1,128420,119600,5.5,4473,73
Mercedes-Benz CLK320 coupe 2dr (convertible),1,0,0,0,0,0,0,1,45707,41966,3.2,3770,69
Mercedes-Benz CLK500 coupe 2dr (convertible),1,0,0,0,0,0,0,1,52800,49104,5,3585,69
Mercedes-Benz E320,0,0,0,1,0,0,0,1,50670,47174,3.2,3966,71
Mercedes-Benz E320 4dr,1,0,0,0,0,0,0,1,48170,44849,3.2,3635,71
Mercedes-Benz E500,0,0,0,1,0,0,1,0,60670,56474,5,4230,71
Mercedes-Benz E500 4dr,1,0,0,0,0,0,0,1,57270,53382,5,3815,71
Mercedes-Benz G500,0,0,1,0,0,0,1,0,76870,71540,5,5423,71
Mercedes-Benz ML500,0,0,1,0,0,0,1,0,46470,43268,5,4874,72
Mercedes-Benz S430 4dr,1,0,0,0,0,0,0,1,74320,69168,4.3,4160,73
Mercedes-Benz S500 4dr,1,0,0,0,0,0,1,0,86970,80939,5,4390,73
Mercedes-Benz SL500 convertible 2dr,0,1,0,0,0,0,0,1,90520,84325,5,4065,72
Mercedes-Benz SL55 AMG 2dr,0,1,0,0,0,0,0,1,121770,113388,5.5,4235,72
Mercedes-Benz SL600 convertible 2dr,0,1,0,0,0,0,0,1,126670,117854,5.5,4429,72
Mercedes-Benz SLK230 convertible 2dr,0,1,0,0,0,0,0,1,40320,37548,2.3,3055,68
Mercedes-Benz SLK32 AMG 2dr,0,1,0,0,0,0,0,1,56170,52289,3.2,3220,68
Mercury Grand Marquis GS 4dr,1,0,0,0,0,0,0,1,24695,23217,4.6,4052,78
Mercury Grand Marquis LS Premium 4dr,1,0,0,0,0,0,0,1,29595,27148,4.6,4052,78
Nissan 350Z Enthusiast convertible 2drMercury Grand Marquis LS Ultimate 4dr,1,0,0,0,0,0,0,1,30895,28318,4.6,4052,78
Mercury Marauder 4dr,1,0,0,0,0,0,0,1,34495,31558,4.6,4195,78
Mercury Monterey Luxury,0,0,0,0,1,0,0,0,33995,30846,4.2,4340,77
Mercury Mountaineer,0,0,1,0,0,0,0,0,29995,27317,4,4374,72
Mercury Sable GS,0,0,0,1,0,0,0,0,22595,20748,3,3488,73
Mercury Sable GS 4dr,1,0,0,0,0,0,0,0,21595,19848,3,3308,73
Mercury Sable LS Premium 4dr,1,0,0,0,0,0,0,0,23895,21918,3,3315,73
Mini Cooper,1,0,0,0,0,0,0,0,16999,15437,1.6,2524,67
Mini Cooper S,1,0,0,0,0,0,0,0,19999,18137,1.6,2678,67
Mitsubishi Diamante LS 4dr,1,0,0,0,0,0,0,0,29282,27250,3.5,3549,70
Mitsubishi Eclipse GTS 2dr,0,1,0,0,0,0,0,0,25092,23456,3,3241,69
Mitsubishi Eclipse Spyder GT convertible 2dr,0,1,0,0,0,0,0,0,26992,25218,3,3296,69
Mitsubishi Endeavor XLS,0,0,1,0,0,0,1,0,30492,28330,3.8,4134,74
Mitsubishi Galant ES 2.4L 4dr,1,0,0,0,0,0,0,0,19312,17957,2.4,3351,72
Mitsubishi Galant GTS 4dr,1,0,0,0,0,0,0,0,25700,23883,3.8,3649,72
Mitsubishi Lancer ES 4dr,1,0,0,0,0,0,0,0,14622,13751,2,2656,67
Mitsubishi Lancer Evolution 4dr,0,1,0,0,0,0,0,0,29562,27466,2,3263,70
Mitsubishi Lancer LS 4dr,1,0,0,0,0,0,0,0,16722,15718,2,2795,67
Mitsubishi Lancer OZ Rally 4dr auto,1,0,0,0,0,0,0,0,17232,16196,2,2744,67
Mitsubishi Lancer Sportback LS,0,0,0,1,0,0,0,0,17495,16295,2.4,3020,67
Mitsubishi Montero XLS,0,0,1,0,0,0,1,0,33112,30763,3.8,4718,75
Mitsubishi Outlander LS,0,0,1,0,0,0,0,0,18892,17569,2.4,3240,69
Nissan 350Z coupe 2dr,0,1,0,0,0,0,0,1,26910,25203,3.5,3188,72
Nissan 350Z Enthusiast convertible 2dr,0,1,0,0,0,0,0,1,34390,31845,3.5,3428,72
Nissan Altima S 4dr,1,0,0,0,0,0,0,0,19240,18030,2.5,3039,70
Nissan Altima SE 4dr,1,0,0,0,0,0,0,0,23290,21580,3.5,3197,70
Nissan Frontier King Cab XE V6,0,0,0,0,0,1,1,0,19479,18253,3.3,3932,70
Nissan Maxima SE 4dr,1,0,0,0,0,0,0,0,27490,25182,3.5,3473,72
Nissan Maxima SL 4dr,1,0,0,0,0,0,0,0,29440,26966,3.5,3476,72
Nissan Murano SL,0,0,0,1,0,0,0,1,28739,27300,3.5,3801,74
Nissan Pathfinder Armada SE,0,0,1,0,0,0,0,0,33840,30815,5.6,5013,79
Nissan Pathfinder SE,0,0,1,0,0,0,0,0,27339,25972,3.5,3871,72
Nissan Quest S,0,0,0,0,1,0,0,0,24780,22958,3.5,4012,78
Nissan Quest SE,0,0,0,0,1,0,0,0,32780,30019,3.5,4175,78
Nissan Sentra 1.8 4dr,1,0,0,0,0,0,0,0,12740,12205,1.8,2513,67
Nissan Sentra 1.8 S 4dr,1,0,0,0,0,0,0,0,14740,13747,1.8,2581,67
Nissan Sentra SE-R 4dr,1,0,0,0,0,0,0,0,17640,16444,2.5,2761,67
Nissan Titan King Cab XE,0,0,0,0,0,1,1,0,26650,24926,5.6,5287,70
Nissan Xterra XE V6,0,0,1,0,0,0,0,0,20939,19512,3.3,3760,70
Oldsmobile Alero GLS 2dr,1,0,0,0,0,0,0,0,23675,21485,3.4,3085,70
Oldsmobile Alero GX 2dr,1,0,0,0,0,0,0,0,18825,17642,2.2,2946,70
Oldsmobile Silhouette GL,0,0,0,0,1,0,0,0,28790,26120,3.4,3948,72
Pontiac Aztekt,0,0,1,0,0,0,0,0,21595,19810,3.4,3779,74
Pontiac Bonneville GXP 4dr,1,0,0,0,0,0,0,0,35995,32997,4.6,3790,74
Pontiac Grand Am GT 2dr,1,0,0,0,0,0,0,0,22450,20595,3.4,3118,70
Pontiac Grand Prix GT1 4dr,1,0,0,0,0,0,0,0,22395,20545,3.8,3477,74
Pontiac Grand Prix GT2 4dr,1,0,0,0,0,0,0,0,24295,22284,3.8,3484,74
Pontiac GTO 2dr,0,1,0,0,0,0,0,1,33500,30710,5.7,3725,73
Pontiac Montana,0,0,0,0,1,0,0,0,23845,21644,3.4,3803,72
Pontiac Montana EWB,0,0,0,0,1,0,1,0,31370,28454,3.4,4431,72
Pontiac Sunfire 1SA 2dr,1,0,0,0,0,0,0,0,15495,14375,2.2,2771,68
Pontiac Sunfire 1SC 2dr,1,0,0,0,0,0,0,0,17735,16369,2.2,2771,68
Pontiac Vibe,0,0,0,1,0,0,0,1,17045,15973,1.8,2701,70
Porsche 911 Carrera 4S coupe 2dr (convert),0,1,0,0,0,0,1,0,84165,72206,3.6,3240,72
Porsche 911 Carrera convertible 2dr (coupe),0,1,0,0,0,0,0,1,79165,69229,3.6,3135,70
Porsche 911 GT2 2dr,0,1,0,0,0,0,0,1,192465,173560,3.6,3131,72
Porsche 911 Targa coupe 2dr,0,1,0,0,0,0,0,1,76765,67128,3.6,3119,70
Porsche Boxster convertible 2dr,0,1,0,0,0,0,0,1,43365,37886,2.7,2811,70
Porsche Boxster S convertible 2dr,0,1,0,0,0,0,0,1,52365,45766,3.2,2911,70
Porsche Cayenne S,0,0,1,0,0,0,1,0,56665,49865,4.5,4950,76
Saab 9-3 Aero 4dr,1,0,0,0,0,0,0,0,33360,31562,2,3175,69
Saab 9-3 Aero convertible 2dr,1,0,0,0,0,0,0,0,43175,40883,2,3700,69
Saab 9-3 Arc convertible 2dr,1,0,0,0,0,0,0,0,40670,38520,2,3480,69
Saab 9-3 Arc Sport 4dr,1,0,0,0,0,0,0,0,30860,29269,2,3175,69
Saab 9-5 Aero,0,0,0,1,0,0,0,0,40845,38376,2.3,3620,71
Saab 9-5 Aero 4dr,1,0,0,0,0,0,0,0,39465,37721,2.3,3470,71
Saab 9-5 Arc 4dr,1,0,0,0,0,0,0,0,35105,33011,2.3,3470,71
Saturn Ion1 4dr,1,0,0,0,0,0,0,0,10995,10319,2.2,2692,67
Saturn L300 2,0,0,0,1,0,0,0,0,23560,21779,2.2,3109,69
Saturn L300-2 4dr,1,0,0,0,0,0,0,0,21410,19801,3,3197,69
Saturn lon2 4dr,1,0,0,0,0,0,0,0,14300,13393,2.2,2692,67
Saturn lon2 quad coupe 2dr,1,0,0,0,0,0,0,0,14850,13904,2.2,2751,68
Saturn lon3 4dr,1,0,0,0,0,0,0,0,15825,14811,2.2,2692,67
Saturn lon3 quad coupe 2dr,1,0,0,0,0,0,0,0,16350,15299,2.2,2751,68
Saturn VUE,0,0,1,0,0,0,1,0,20585,19238,2.2,3381,72
Scion xA 4dr hatch,1,0,0,0,0,0,0,0,12965,12340,1.5,2340,67
Scion xB,0,0,0,1,0,0,0,0,14165,13480,1.5,2425,67
Subaru Baja,0,0,0,0,0,1,1,0,24520,22304,2.5,3485,70
Subaru Forester X,0,0,0,1,0,0,1,0,21445,19646,2.5,3090,68
Subaru Impreza 2.5 RS 4dr,1,0,0,0,0,0,1,0,19945,18399,2.5,2965,69
Subaru Impreza WRX 4dr,0,1,0,0,0,0,1,0,25045,23022,2,3085,69
Subaru Impreza WRX STi 4dr,0,1,0,0,0,0,1,0,31545,29130,2.5,3263,69
Subaru Legacy GT 4dr,1,0,0,0,0,0,1,0,25645,23336,2.5,3395,69
Subaru Legacy L 4dr,1,0,0,0,0,0,1,0,20445,18713,2.5,3285,69
Subaru Outback,0,0,0,1,0,0,1,0,23895,21773,2.5,3430,69
Subaru Outback H6 4dr,1,0,0,0,0,0,1,0,29345,26660,3,3610,69
Subaru Outback H-6 VDC 4dr,1,0,0,0,0,0,1,0,31545,28603,3,3630,69
Subaru Outback Limited Sedan 4dr,1,0,0,0,0,0,1,0,27145,24687,2.5,3495,69
Suzuki Aeno S 4dr,1,0,0,0,0,0,0,0,12884,12719,2.3,2676,68
Suzuki Aerio LX 4dr,1,0,0,0,0,0,0,0,14500,14317,2.3,2676,68
Suzuki Aerio SX,0,0,0,1,0,0,1,0,16497,16291,2.3,2932,68
Suzuki Forenza EX 4dr,1,0,0,0,0,0,0,0,15568,15378,2,2756,68
Suzuki Forenza S 4dr,1,0,0,0,0,0,0,0,12269,12116,2,2701,68
Suzuki Verona LX 4dr,1,0,0,0,0,0,0,0,17262,17053,2.5,3380,72
Suzuki Vitara LX,0,0,1,0,0,0,1,0,17163,16949,2.5,3020,67
Suzuki XL-7 EX,0,0,1,0,0,0,0,0,23699,22307,2.7,3682,70
Toyota 4Runner SR5 V6,0,0,1,0,0,0,0,0,27710,24801,4,4035,74
Toyota Avalon XL 4dr,1,0,0,0,0,0,0,0,26560,23693,3,3417,72
Toyota Avalon XLS 4dr,1,0,0,0,0,0,0,0,30920,27271,3,3439,72
Toyota Camry LE 4dr,1,0,0,0,0,0,0,0,19560,17558,2.4,3086,71
Toyota Camry LE V6 4dr,1,0,0,0,0,0,0,0,22775,20325,3,3296,71
Toyota Camry Solara SE 2dr,1,0,0,0,0,0,0,0,19635,17722,2.4,3175,72
Toyota Camry Solara SE V6 2dr,1,0,0,0,0,0,0,0,21965,19819,3.3,3417,72
Toyota Camry Solara SLE V6 2dr,1,0,0,0,0,0,0,0,26510,23908,3.3,3439,72
Toyota Camry XLE V6 4dr,1,0,0,0,0,0,0,0,25920,23125,3,3362,71
Toyota Celica GT-S 2dr,0,1,0,0,0,0,0,0,22570,20363,1.8,2500,68
Toyota Corolla CE 4dr,1,0,0,0,0,0,0,0,14085,13065,1.8,2502,67
Toyota Corolla LE 4dr,1,0,0,0,0,0,0,0,15295,13889,1.8,2524,67
Toyota Corolla S 4dr,1,0,0,0,0,0,0,0,15030,13650,1.8,2524,67
Toyota Echo 2dr auto,1,0,0,0,0,0,0,0,11560,10896,1.5,2085,65
Toyota Echo 2dr manual,1,0,0,0,0,0,0,0,10760,10144,1.5,2035,65
Toyota Echo 4dr,1,0,0,0,0,0,0,0,11290,10642,1.5,2055,65
Toyota Highlander V6,0,0,1,0,0,0,1,0,27930,24915,3.3,3935,72
Toyota Land Cruiser,0,0,1,0,0,0,1,0,54765,47986,4.7,5390,76
Toyota Matrix XR,0,0,0,1,0,0,0,0,16695,15156,1.8,2679,70
Toyota MR2 Spyder convertible 2dr,0,1,0,0,0,0,0,1,25130,22787,1.8,2195,67
Toyota Prius 4dr (gas/electric),1,0,0,0,0,0,0,0,20510,18926,1.5,2890,68
Toyota RAV4,0,0,1,0,0,0,1,0,20290,18553,2.4,3119,68
Toyota Sequoia SR5,0,0,1,0,0,0,1,0,35695,31827,4.7,5270,78
Toyota Sienna CE,0,0,0,0,1,0,0,0,23495,21198,3.3,4120,77
Toyota Sienna XLE Limited,0,0,0,0,1,0,0,0,28800,25690,3.3,4165,77
Toyota Tacoma,0,0,0,0,0,1,0,1,12800,11879,2.4,2750,80
Toyota Tundra Access Cab V6 SR5,0,0,0,0,0,1,1,0,25935,23520,3.4,4435,80
Toyota Tundra Regular Cab V6,0,0,0,0,0,1,0,1,16495,14978,3.4,3925,80
Volkswagen Golf GLS 4dr,1,0,0,0,0,0,0,0,18715,17478,2,2897,68
Volkswagen GTI 1.8T 2dr hatch,1,0,0,0,0,0,0,0,19825,18109,1.8,2934,68
Volkswagen Jetta GL,0,0,0,1,0,0,0,0,19005,17427,2,3034,68
Volkswagen Jetta GLI VR6 4dr,1,0,0,0,0,0,0,0,23785,21686,2.8,3179,68
Volkswagen Jetta GLS TDI 4dr,1,0,0,0,0,0,0,0,21055,19638,1.9,3003,68
Volkswagen New Beetle GLS 1.8T 2dr,1,0,0,0,0,0,0,0,21055,19638,1.8,2820,68
Volkswagen New Beetle GLS convertible 2dr,1,0,0,0,0,0,0,0,23215,21689,2,3082,68
Volkswagen Passat GLS 1.8T,0,0,0,1,0,0,0,0,24955,22801,1.8,3338,69
Volkswagen Passat GLS 4dr,1,0,0,0,0,0,0,0,23955,21898,1.8,3241,69
Volkswagen Passat GLX V6 4MOTION 4dr,1,0,0,0,0,0,0,0,33180,30583,2.8,3721,69
Volkswagen Passat W8,0,0,0,1,0,0,0,0,40235,36956,4,4067,69
Volkswagen Passat W8 4MOTION 4dr,1,0,0,0,0,0,0,0,39235,36052,4,3953,69
Volkswagen Phaeton 4dr,1,0,0,0,0,0,0,0,65000,59912,4.2,5194,75
Volkswagen Phaeton W12 4dr,1,0,0,0,0,0,0,0,75000,69130,6,5399,75
Volkswagen Touareg V6,0,0,1,0,0,0,1,0,35515,32243,3.2,5086,76
Volvo C70 HPT convertible 2dr,1,0,0,0,0,0,0,0,42565,40083,2.3,3450,72
Volvo C70 LPT convertible 2dr,1,0,0,0,0,0,0,0,40565,38203,2.4,3450,72
Volvo S40 4dr,1,0,0,0,0,0,0,0,25135,23701,1.9,2767,68
Volvo S60 2.5 4dr,1,0,0,0,0,0,1,0,31745,29916,2.5,3903,71
Volvo S60 R 4dr,1,0,0,0,0,0,1,0,37560,35382,2.5,3571,71
Volvo S60 T5 4dr,1,0,0,0,0,0,0,0,34845,32902,2.3,3766,71
Volvo S80 2.5T 4dr,1,0,0,0,0,0,1,0,37885,35688,2.5,3691,72
Volvo S80 2.9 4dr,1,0,0,0,0,0,0,0,37730,35542,2.9,3576,72
Volvo S80 T6 4dr,1,0,0,0,0,0,0,0,45210,42573,2.9,3653,72
Volvo V40,0,0,0,1,0,0,0,0,26135,24641,1.9,2822,68
Volvo XC70,0,0,0,1,0,0,1,0,35145,33112,2.5,3823,73
Volvo XC90 T6,0,0,1,0,0,0,1,0,41250,38851,2.9,4638,75
